{"name":"667ff56a-1bf8-4dde-8a21-b2eb006a249d","id":"/providers/Microsoft.Flow/flows/667ff56a-1bf8-4dde-8a21-b2eb006a249d","type":"Microsoft.Flow/flows","properties":{"apiId":"/providers/Microsoft.PowerApps/apis/shared_logicflows","displayName":"Item Approval Flow","definition":{"metadata":{"workflowEntityId":null,"processAdvisorMetadata":null,"flowChargedByPaygo":null,"flowclientsuspensionreason":"None","flowclientsuspensiontime":null,"flowclientsuspensionreasondetails":null,"creator":{"id":"e4be1980-b114-4675-acfc-49558281d3a8","type":"User","tenantId":"47738abe-da8e-4be9-b384-ab41686415ba"},"provisioningMethod":"FromDefinition","failureAlertSubscription":true,"clientLastModifiedTime":"2025-07-22T18:46:09.071801Z","connectionKeySavedTimeKey":"2025-07-22T18:46:09.071801Z","creationSource":"Portal","modifiedSources":"Portal"},"$schema":"https://schema.management.azure.com/providers/Microsoft.Logic/schemas/2016-06-01/workflowdefinition.json#","contentVersion":"1.0.0.0","parameters":{"$authentication":{"defaultValue":{},"type":"SecureObject"},"$connections":{"defaultValue":{},"type":"Object"}},"triggers":{"When_a_Item_is_created_(V3)":{"splitOn":"@triggerOutputs()?['body/value']","type":"OpenApiConnectionWebhook","inputs":{"parameters":{"bcenvironment":"TESTENVIRONMENT","company":"69a4bf5f-b92b-f011-9af3-6045bdac934e","dataset":"v2.0","table":"items"},"host":{"apiId":"/providers/Microsoft.PowerApps/apis/shared_dynamicssmbsaas","connectionName":"shared_dynamicssmbsaas","operationId":"CreateOnNewItemsSubscriptionV3"},"authentication":"@parameters('$authentication')"}}},"actions":{"Get_Item_info":{"runAfter":{"Delay":["Succeeded"]},"type":"OpenApiConnection","inputs":{"parameters":{"bcenvironment":"TESTENVIRONMENT","company":"69a4bf5f-b92b-f011-9af3-6045bdac934e","dataset":"v2.0","table":"items","id":"@triggerOutputs()?['body/Row Id']"},"host":{"apiId":"/providers/Microsoft.PowerApps/apis/shared_dynamicssmbsaas","connectionName":"shared_dynamicssmbsaas","operationId":"GetItemV3"},"authentication":"@parameters('$authentication')"}},"Check_Price":{"actions":{"Start_and_wait_for_an_approval":{"type":"OpenApiConnectionWebhook","inputs":{"parameters":{"approvalType":"Basic","WebhookApprovalCreationInput/title":"Big price item to approve","WebhookApprovalCreationInput/assignedTo":"joe@bigals.ca","WebhookApprovalCreationInput/details":"Big price item to approve","WebhookApprovalCreationInput/enableNotifications":true,"WebhookApprovalCreationInput/enableReassignment":true},"host":{"apiId":"/providers/Microsoft.PowerApps/apis/shared_approvals","connectionName":"shared_approvals","operationId":"StartAndWaitForAnApproval"},"authentication":"@parameters('$authentication')"}},"Approved_or_Not":{"actions":{"Set_No_Blocked":{"type":"OpenApiConnection","inputs":{"parameters":{"bcenvironment":"TESTENVIRONMENT","company":"69a4bf5f-b92b-f011-9af3-6045bdac934e","dataset":"v2.0","table":"items","id":"@triggerOutputs()?['body/Row Id']","item/blocked":false},"host":{"apiId":"/providers/Microsoft.PowerApps/apis/shared_dynamicssmbsaas","connectionName":"shared_dynamicssmbsaas","operationId":"PatchItemV3"},"authentication":"@parameters('$authentication')"}}},"runAfter":{"Start_and_wait_for_an_approval":["Succeeded"]},"else":{"actions":{}},"expression":{"and":[{"equals":["@outputs('Start_and_wait_for_an_approval')?['body/outcome']","Approve"]}]},"type":"If"}},"runAfter":{"Get_Item_info":["Succeeded"]},"else":{"actions":{"Set_Blocked_to_No":{"type":"OpenApiConnection","inputs":{"parameters":{"bcenvironment":"TESTENVIRONMENT","company":"69a4bf5f-b92b-f011-9af3-6045bdac934e","dataset":"v2.0","table":"items","id":"@triggerOutputs()?['body/Row Id']","item/blocked":false},"host":{"apiId":"/providers/Microsoft.PowerApps/apis/shared_dynamicssmbsaas","connectionName":"shared_dynamicssmbsaas","operationId":"PatchItemV3"},"authentication":"@parameters('$authentication')"}}}},"expression":{"and":[{"greater":["@outputs('Get_Item_info')?['body/unitPrice']",10000]}]},"type":"If"},"Blocked_item":{"runAfter":{},"type":"OpenApiConnection","inputs":{"parameters":{"bcenvironment":"TESTENVIRONMENT","company":"69a4bf5f-b92b-f011-9af3-6045bdac934e","dataset":"v2.0","table":"items","id":"@triggerOutputs()?['body/Row Id']","item/blocked":true},"host":{"apiId":"/providers/Microsoft.PowerApps/apis/shared_dynamicssmbsaas","connectionName":"shared_dynamicssmbsaas","operationId":"PatchItemV3"},"authentication":"@parameters('$authentication')"}},"Delay":{"runAfter":{"Blocked_item":["Succeeded"]},"type":"Wait","inputs":{"interval":{"count":30,"unit":"Second"}}}},"outputs":{}},"connectionReferences":{"shared_dynamicssmbsaas":{"connectionName":"shared-dynamicssmbsa-30aeaaed-b281-402f-ab93-7c21e2fa9c4a","source":"Embedded","id":"/providers/Microsoft.PowerApps/apis/shared_dynamicssmbsaas","tier":"NotSpecified","apiName":"dynamicssmbsaas","isProcessSimpleApiReferenceConversionAlreadyDone":false},"shared_approvals":{"connectionName":"shared-approvals-039b38ee-eff7-483d-8eb0-e862627324d8","source":"Embedded","id":"/providers/Microsoft.PowerApps/apis/shared_approvals","tier":"NotSpecified","apiName":"approvals","isProcessSimpleApiReferenceConversionAlreadyDone":false}},"flowFailureAlertSubscribed":false,"isManaged":false}}